IMIS_DasID,aphia_id
1,1028887
1,126898
1,131508
1,140640
1,1059484
1,130002
1,1356579
1,106213
1,149643
1,152249
1,135168
1,117368
1,131143
1,1418139
1,123776
1,130867
1,252278
1,106223
1,395061
1,111158
1,1525992
1,117364
1,838906
1,869035
1,345532
1,130198
1,117328
1,837000
1,153847
1,145358
1,1361158
1,111343
1,149075
1,623384
1,156513
1,175420
1,712682
1,375856
1,1485757
1,495022
1,1466579
1,144086
1,494879
1,370143
1,236028
1,163277
1,577672
1,287714
1,495164
1,214242
1,371978
1,130734
1,1361154
1,341388
1,215310
1,170364
1,613134
1,211554
1,494863
1,214329
1,333101
1,145729
1,109170
1,1324799
1,1259253
1,118052
1,375916
1,396001
1,137481
1,624469
1,372607
1,1594583
1,374837
1,146016
1,506723
1,836033
1,330923
1,140658
1,122710
1,164900
1,238193
1,131494
1,117393
1,712167
1,130417
1,421138
1,170782
1,352304
1,117490
1,131542
1,169724
1,107418
1,157977
1,144457
1,115591
1,148592
1,376055
1,107188
1,111802
1,130686
1,206527
1,245445
1,374919
1,1022311
1,289551
1,151628
1,220772
1,623134
1,1492691
1,437491
1,594556
1,1361155
1,1070837
1,272205
1,708163
1,129702
1,130677
1,851603
1,421139
1,225814
1,564486
1,535477
1,111592
1,1729991
1,117389
1,100999
1,238200
1,149023
1,345281
1,1535596
1,395488
1,104847
1,577498
1,149004
1,738388
1,437997
1,117994
1,102432
1,126975
1,131495
1,124319
1,101864
1,238192
1,130770
1,103166
1,334512
1,621564
1,102433
1,142842
1,1252624
1,117644
1,103732
1,840518
1,375881
1,234042
1,177726
1,100982
1,157933
1,150457
1,1499802
1,1021447
1,610869
1,376361
1,101497
1,127007
1,165956
1,1713785
1,729875
1,148603
1,375680
1,489561
1,390270
1,117386
1,117385
1,117491
1,135306
1,117982
1,135304
1,117751
1,117870
1,141454
1,104012
1,165618
1,156699
1,766436
1,1493332
1,153482
1,422101
1,138963
1,142861
1,131531
1,1392925
1,139908
1,107398
1,1560189
1,578346
1,374236
1,490223
1,117824
1,238194
1,122626
1,122823
1,148934
1,371776
1,117778
1,139647
1,140687
1,1415554
1,371281
1,115906
1,1486516
1,157947
1,205694
1,376073
1,624510
1,373015
1,122817
1,135278
1,716341
1,100537
1,1337062
1,158230
1,283831
1,616809
1,149123
1,1135
1,117815
1,117754
1,148931
1,125131
1,156598
1,174921
1,111351
1,104496
1,375105
1,611232
1,102380
1,333026
1,295874
1,117373
1,122806
1,622670
1,212185
1,373192
1,1501345
1,22849
1,373467
1,707357
1,373557
1,103804
1,140481
1,1535609
1,103433
1,1359510
1,371643
1,104016
1,145887
1,851584
1,592867
1,120633
1,616367
1,149115
1,527759
1,156961
1,1315866
1,738387
1,210725
1,428662
1,1359032
1,136668
1,570836
1,130801
1,130988
1,1720899
1,140480
1,716065
1,451654
1,107190
1,131290
1,590566
1,115517
1,330068
1,117535
1,371899
1,1306213
1,156290
1,1731079
1,117517
1,103723
1,516455
1,145226
1,169314
1,1417617
1,139054
1,130601
1,134564
1,852852
1,285333
1,612430
1,145910
1,131328
1,117628
1,144440
1,104644
1,1039839
1,193466
1,111099
1,834016
1,1035266
1,120665
1,865834
1,145540
1,836896
1,1348433
1,372509
1,144442
1,526636
1,356219
1,471869
1,1640022
1,326332
1,141247
1,140103
1,876825
1,142799
1,148164
1,157411
1,118732
1,144501
1,988370
1,145777
1,277448
1,291064
1,619801
1,166430
1,382984
1,380904
1,1416216
1,145267
1,282654
1,616488
1,879238
1,122644
1,145331
1,132558
1,164060
1,348696
1,515727
1,131409
1,386092
1,1720925
1,145560
1,1294676
1,498323
1,214217
1,1371601
1,374005
1,283497
1,1586725
1,500907
1,852999
1,135466
1,148996
1,376886
1,145892
1,375784
1,165472
1,141341
1,518794
1,157533
1,614444
1,214231
1,245096
1,215442
1,1463764
1,131489
1,164103
1,172204
1,233610
1,826906
1,117999
1,373472
1,131106
1,341585
1,144438
1,212187
1,372792
1,238917
1,140405
1,832421
1,168733
1,932306
1,102046
1,130031
1,130670
1,834039
1,103702
1,569936
1,1457087
1,295866
1,372938
1,472197
1,134121
1,111250
1,122764
1,481044
1,613762
1,102119
1,141767
1,387924
1,355457
1,371903
1,139563
1,376045
1,368198
1,22953
1,149093
1,1720917
1,1535580
1,503901
1,107518
1,125064
1,145502
1,338929
1,433208
1,117388
1,426469
1,847083
1,213889
1,145367
1,129745
1,255167
1,141744
1,144929
1,146905
1,437835
1,172180
1,712688
1,111147
1,132539
1,506156
1,169725
1,250468
1,220879
1,878919
1,845870
1,700795
1,148028
1,131128
1,116216
1,141700
1,115889
1,621371
1,1356824
1,1324136
1,150225
1,285078
1,216087
1,1338684
1,170520
1,1314300
1,1026324
1,1415544
1,1314298
1,359278
1,143034
1,1356370
1,621957
1,375686
1,1312237
1,241273
1,1506306
1,1457131
1,573956
1,141239
1,130769
1,130185
1,130746
1,115005
1,156948
1,141412
1,1258721
1,242145
1,145008
1,526724
1,443266
1,145203
1,372360
1,495967
1,211452
1,103579
1,1731787
1,879218
1,371574
1,145234
1,1534768
1,103909
1,166302
1,250599
1,103870
1,1008208
1,141741
1,130008
1,156083
1,326577
1,1381308
1,336908
1,130799
1,399188
1,344037
1,125080
1,125073
1,126689
1,132635
1,166626
1,130907
1,1370544
1,1445642
1,238198
1,288125
1,130554
1,1010196
1,231823
1,514464
1,378492
1,117367
1,380040
1,945985
1,327421
1,885596
1,130891
1,334565
1,130282
1,1485914
1,1008352
1,178590
1,1041687
1,330867
1,129876
1,623875
1,254726
1,424332
1,192073
1,1025383
1,168716
1,131361
1,483508
1,354783
1,1023906
1,122555
1,1300035
1,122694
1,134545
1,946229
1,573191
1,126777
1,122697
1,129253
1,102438
1,879366
1,334101
1,130027
1,564487
1,355689
1,130470
1,1720919
1,103582
1,287214
1,851599
1,1577558
1,166932
1,104498
1,117802
1,215428
1,240550
1,103585
1,256220
1,993075
1,416384
1,592533
1,154124
1,130451
1,331481
1,1597580
1,131146
1,362388
1,130000
1,115763
1,851589
1,284415
1,489609
1,486812
1,993876
1,129989
1,1603679
1,422363
1,107345
1,414638
1,851340
1,107486
1,616597
1,473486
1,265087
1,333615
1,139008
1,885303
1,1457132
1,428220
1,880519
1,518404
1,285967
1,105218
1,132444
1,1373504
1,374285
1,616562
1,114460
1,140282
1,890623
1,1738567
1,1501316
1,104550
1,145503
1,1451825
1,212184
1,211609
1,1373705
1,1537062
1,141433
1,570461
1,618140
1,1380758
1,1361130
1,130106
1,238033
1,236551
1,103936
1,1044494
1,139940
1,732380
1,610828
1,332039
1,107337
1,851581
1,1071203
1,394868
1,151801
1,1383652
1,140839
1,124316
1,131432
1,1610683
1,1720905
1,243631
1,131471
1,394326
1,1048800
1,1264073
1,483615
1,483543
1,1262388
1,252565
1,421137
1,867101
1,103724
1,548358
1,191207
1,231662
1,333437
1,616603
1,117544
1,103849
1,167963
1,131002
1,489112
1,280359
1,129260
1,495804
1,295864
1,1009125
1,232083
1,618184
1,125414
1,477676
1,106273
1,702237
1,341548
1,130537
1,1339221
1,1489502
1,710698
1,371578
1,133191
1,626077
1,130156
1,1476539
1,1589027
1,376035
1,618855
1,100993
1,1356606
1,1359474
1,106656
1,1738998
1,499683
1,135504
1,115950
1,614706
1,1060514
1,156548
1,623891
1,1737369
1,503000
1,119127
1,170932
1,618118
1,373315
1,102136
1,1546552
1,117791
1,233473
1,124394
1,155162
1,117377
1,144683
1,287220
1,1259744
1,816794
1,125027
1,365624
1,175404
1,124392
1,120671
1,631828
1,234099
1,129868
1,130639
1,140830
1,532031
1,372631
1,111397
1,157166
1,514161
1,131009
1,111197
1,1435816
1,437577
1,165853
1,1340378
1,140509
1,254482
1,144639
1,1021345
1,879714
1,120793
1,122599
1,157664
1,141643
1,440458
1,1294418
1,145349
1,116271
1,515367
1,172155
1,115006
1,1243030
1,414707
1,842613
1,618851
1,239355
1,496188
1,851468
1,968692
1,1485852
1,547639
1,248149
1,346656
1,145862
1,234851
1,156586
1,623362
1,145354
1,280852
1,130749
1,100912
1,334122
1,101977
1,129821
1,129555
1,137483
1,130661
1,1486973
1,670088
1,117743
1,1372918
1,1734059
1,115776
1,582871
1,146950
1,116360
1,1047301
1,330219
1,609949
1,844061
1,990503
1,111696
1,496105
1,1056592
1,847090
1,990618
1,130843
1,613499
1,140033
1,841715
1,375734
1,110690
1,495338
1,644030
1,480866
1,135494
1,134541
1,352600
1,1487461
1,1318799
1,144489
1,519025
1,1488325
1,236159
1,1738190
1,233761
1,372576
1,157188
1,1432779
1,376542
1,130585
1,140733
1,761218
1,573884
1,531501
1,609938
1,137571
1,135301
1,1014561
1,110152
1,1750291
1,458377
1,218368
1,145722
1,626095
1,135302
1,433973
1,580286
1,122602
1,837543
1,508064
1,132736
1,496890
1,945898
1,117434
1,116179
1,144916
1,103718
1,145202
1,191482
1,623449
1,624513
1,378207
1,148954
1,673904
1,714717
1,345463
1,146768
1,375171
1,144431
1,284446
1,160538
1,291967
1,375953
1,1311384
1,133102
1,375319
1,133939
1,376322
1,144500
1,1361174
1,165973
1,376081
1,145913
1,214326
1,501928
1,1018508
1,1487049
1,284874
1,207144
1,878195
1,536513
1,477957
1,743671
1,374552
1,129967
1,346049
1,555935
1,130644
1,289878
1,100511
1,547452
1,1356721
1,148912
1,145863
1,100951
1,616300
1,256795
1,577877
1,376666
1,372539
1,250618
1,518041
1,376127
1,1022809
1,287107
1,626013
1,280494
1,109713
1,105167
1,130593
1,120566
1,144945
1,175643
1,145366
1,1319087
1,372015
1,375697
1,243138
1,956806
1,375752
1,1338383
1,107392
1,508709
1,107613
1,1313473
1,163479
1,156125
1,145346
1,170644
1,372832
1,214346
1,619839
1,1534767
1,626042
1,144944
1,1347803
1,214343
1,348699
1,239300
1,990876
1,372796
1,234474
1,231756
1,623702
1,144928
1,609687
1,142971
1,288354
1,169715
1,207320
1,266752
1,107506
1,548021
1,107381
1,325567
1,159390
1,130418
1,145551
1,483934
1,388231
1,157534
1,145547
1,1495104
1,1339742
1,1050685
1,1451585
1,1524511
1,426227
1,144496
1,100218
1,1628050
1,167128
1,134563
1,1487056
1,240774
1,624878
1,385909
1,148109
1,100497
1,371310
1,1421113
1,616487
1,100507
1,494975
1,193190
1,1418798
1,763555
1,1555809
1,100913
1,716349
1,239267
1,1070952
1,478341
1,102063
1,827192
1,117399
1,1734002
1,834018
1,148715
1,111355
1,129975
1,834010
1,145297
1,144770
1,144102
1,333396
1,470388
1,507598
1,103719
1,250081
1,131571
1,140291
1,100523
1,130248
1,1023280
1,396711
1,746493
1,137600
1,662423
1,1457044
1,117860
1,100946
1,173591
1,1720924
1,104685
1,116612
1,1556838
1,1485921
1,284249
1,1586722
1,265228
1,1364783
1,145373
1,370166
1,100547
1,362061
1,213400
1,146952
1,1485817
1,1487047
1,100498
1,665156
1,622762
1,717977
1,265441
1,144623
1,826545
1,1659019
1,1072438
1,1048788
1,878966
1,140032
1,878954
1,1601249
1,558444
1,132663
1,135751
1,505471
1,100358
1,1486939
1,419297
1,129964
1,102135
1,101822
1,256762
1,354171
1,1593416
1,372226
1,147123
1,496081
1,373984
1,153558
1,494871
1,1288085
1,102285
1,376211
1,373457
1,1249963
1,502074
1,1535277
1,122739
1,1442353
1,494940
1,102299
1,118715
1,127219
1,376213
1,127123
1,707691
1,1255133
1,100060
1,618148
1,329315
1,1384261
1,577521
1,991955
1,265682
1,247981
1,145322
1,145009
1,531450
1,144526
1,1328561
1,372941
1,614056
1,146401
1,124201
1,145086
1,141230
1,1455977
1,733536
1,102408
1,1300998
1,130722
1,1541871
1,529627
1,145673
1,123803
1,129445
1,102012
1,239170
1,443111
1,124963
1,129379
1,181241
1,144664
1,140471
1,117271
1,100803
1,624476
1,1024740
1,102647
1,245897
1,116041
1,140262
1,172960
1,140302
1,560066
1,119094
1,157725
1,175738
1,1607174
1,207032
1,376147
1,163433
1,214615
1,374524
1,289493
1,432768
1,143197
1,104514
1,827677
1,730399
1,284440
1,118137
1,129996
1,291417
1,343918
1,155834
1,145221
1,278308
1,137485
1,102178
1,376801
1,140229
1,139597
1,1002300
1,838063
1,139770
1,149601
1,576216
1,1737039
1,547443
1,115106
1,382471
1,149151
1,450511
1,655992
1,105157
1,140863
1,132219
1,1010888
1,712746
1,101569
1,261697
1,104784
1,1297840
1,144854
1,850637
1,374578
1,159715
1,141334
1,287142
1,386768
1,144773
1,334364
1,1361156
1,145990
1,341554
1,1489746
1,144976
1,246080
1,841671
1,373859
1,231755
1,546911
1,880370
1,213054
1,377158
1,149150
1,149084
1,836092
1,177852
1,1315858
1,376212
1,610801
1,393303
1,120201
1,217006
1,145713
1,141641
1,171656
1,117888
1,144387
1,116185
1,144422
1,144377
1,144672
1,547853
1,169736
1,103169
1,622589
1,102281
1,840195
1,212423
1,288963
1,373943
1,271428
1,289852
1,248075
1,273016
1,1487507
1,376164
1,744059
1,166898
1,1737236
1,883685
1,142788
1,144528
1,101851
1,111411
1,106257
1,117483
1,140430
1,104290
1,364840
1,329775
1,117426
1,149779
1,144931
1,481009
1,284361
1,1067026
1,104593
1,380055
1,1535575
1,119630
1,375025
1,291276
1,142687
1,840906
1,107614
1,272837
1,244742
1,1720907
1,207817
1,137438
1,349268
1,118061
1,1019753
1,100211
1,180108
1,145544
1,105237
1,137146
1,991535
1,211475
1,437981
1,145321
1,570002
1,287436
1,375329
1,144633
1,371354
1,212494
1,614432
1,272183
1,145410
1,1356590
1,428733
1,1070842
1,118154
1,118152
1,106316
1,130359
1,163930
1,144334
1,128530
1,106210
1,956279
1,346434
1,406186
1,502202
1,126425
1,180273
1,104563
1,753852
1,172588
1,481588
1,489172
1,1720915
1,207180
1,841259
1,827218
1,270752
1,144164
1,1432871
1,1533477
1,1307759
1,623235
1,701488
1,495535
1,276560
1,313241
1,163392
1,170380
1,508290
1,235401
1,372472
1,667176
1,145769
1,138998
1,130437
1,102168
1,119039
1,144372
1,1079205
1,145108
1,217132
1,111484
1,104312
1,119044
1,141579
1,145615
1,145625
1,116619
1,133932
1,1534602
1,422452
1,357161
1,1356899
1,122798
1,375574
1,334365
1,365634
1,214093
1,210930
1,102160
1,157261
1,144356
1,1348090
1,1415749
1,707893
1,283262
1,885344
1,287231
1,726178
1,1614563
1,746223
1,145319
1,1334365
1,371351
1,282568
1,375834
1,244381
1,129764
1,372689
1,242710
1,157951
1,414157
1,141320
1,393281
1,145370
1,518550
1,102251
1,573293
1,1027147
1,135490
1,145537
1,151200
1,1443783
1,158245
1,955324
1,1067032
1,576535
1,231681
1,105135
1,173184
1,885301
1,246741
1,209307
1,141435
1,1533541
1,271555
1,836857
1,886570
1,144782
1,117761
1,606315
1,1652950
1,482938
1,140170
1,239191
1,1537564
1,182757
1,177819
1,1337479
1,104895
1,851593
1,139135
1,246150
1,761362
1,1445469
1,851587
1,325300
1,236056
1,890847
1,145398
1,1307748
1,244331
1,247960
1,277537
1,117333
1,140838
1,421604
1,346535
1,1382247
1,162961
1,218134
1,139686
1,284532
1,362481
1,117345
1,883
1,715654
1,270761
1,1734822
1,158254
1,254553
1,358187
1,100492
1,238201
1,104645
1,226252
1,243439
1,372124
1,1634498
1,494981
1,180071
1,619424
1,375490
1,244681
1,111602
1,152356
1,332723
1,140029
1,240897
1,1356906
1,531467
1,287557
1,334242
1,573829
1,224282
1,149074
1,145585
1,145278
1,236020
1,1492322
1,331350
1,149217
1,221243
1,1030503
1,282287
1,243170
1,885347
1,1360857
1,413112
1,885354
1,1360725
1,103330
1,354857
1,1262306
1,104515
1,104745
1,212394
1,1015949
1,377136
1,135470
1,1287835
1,134167
1,133205
1,216442
1,1010505
1,1026500
1,287795
